-- ============================================================
-- 02-seed-data.sql
-- Populates all tables with sample data
-- Executed automatically by PostgreSQL on first container start
-- ============================================================

-- ============================================================
-- EMPLOYEES  (20 records)
-- ============================================================
INSERT INTO employees (employee_id, first_name, last_name, hire_date) VALUES
(1,  'Carroll',   'Davydenko',   '2025-10-08'),
(2,  'Evin',      'Cars',        '2025-06-30'),
(3,  'Ursula',    'Wainman',     '2025-06-15'),
(4,  'Keane',     'Mudle',       '2025-10-25'),
(5,  'Orazio',    'Lewerenz',    '2025-08-18'),
(6,  'Eilis',     'Hawgood',     '2025-12-15'),
(7,  'Orion',     'Pardue',      '2025-09-12'),
(8,  'Rosy',      'Leggott',     '2025-05-31'),
(9,  'Augustine', 'Ciabatteri',  '2026-03-19'),
(10, 'Cahra',     'Crowley',     '2025-10-17'),
(11, 'Bradley',   'Mound',       '2025-05-20'),
(12, 'Vivian',    'Whal',        '2025-07-09'),
(13, 'Wash',      'Scotchmore',  '2025-09-12'),
(14, 'Caldwell',  'Hanstock',    '2025-11-20'),
(15, 'Rana',      'Vanin',       '2025-12-13'),
(16, 'Cozmo',     'Blesing',     '2025-09-27'),
(17, 'Jolie',     'Lorenz',      '2025-05-29'),
(18, 'Arlana',    'Farington',   '2025-11-07'),
(19, 'Jorgan',    'Ashfull',     '2025-06-13'),
(20, 'Sylvia',    'Archer',      '2025-12-26');

-- ============================================================
-- VISITORS  (30 records)
-- ============================================================
INSERT INTO visitors (visitor_id, first_name, last_name, phone, date_of_birth, email, registration_date) VALUES
(1,  'Lesli',       'McCurtain',   '772-556-7464', '2000-06-11', 'lmccurtain0@indiegogo.com',       '2025-09-14'),
(2,  'Evy',         'Folkard',     '212-459-6272', '1995-12-21', 'efolkard1@ustream.tv',            '2025-11-24'),
(3,  'Verina',      'Roebuck',     '987-668-8726', '1988-08-11', 'vroebuck2@columbia.edu',          '2026-02-21'),
(4,  'Neale',       'Hailes',      '442-598-7914', '1992-05-20', 'nhailes3@techcrunch.com',         '2025-07-26'),
(5,  'Hayden',      'Cuncliffe',   '587-411-0581', '2001-05-31', 'hcuncliffe4@cdbaby.com',          '2025-04-18'),
(6,  'Clarita',     'McQueen',     '315-702-1566', '1990-11-08', 'cmcqueen5@github.io',             '2026-02-10'),
(7,  'Helenka',     'Beaves',      '736-702-5678', '1997-09-18', 'hbeaves6@mtv.com',                '2025-10-15'),
(8,  'Roanna',      'Hinge',       '592-545-5371', '1985-04-27', 'rhinge7@cargocollective.com',     '2025-12-09'),
(9,  'Kendricks',   'Callum',      '190-510-4884', '1993-01-29', 'kcallum8@skyrock.com',            '2025-06-12'),
(10, 'Nelle',       'Calton',      '318-242-3242', '1999-01-28', 'ncalton9@goo.ne.jp',              '2025-09-21'),
(11, 'Sonnie',      'Pagen',       '410-504-3357', '1991-08-24', 'spagena@barnesandnoble.com',      '2025-11-13'),
(12, 'Astra',       'Franklin',    '973-407-8935', '1994-04-29', 'afranklinb@linkedin.com',         '2025-05-06'),
(13, 'Collete',     'Punch',       '766-831-7634', '1987-06-02', 'cpunchc@miitbeian.gov.cn',        '2025-07-05'),
(14, 'Sebastien',   'Lansbury',    '672-355-1507', '1996-10-23', 'slansburyd@tripod.com',           '2025-07-13'),
(15, 'Colene',      'Drake',       '350-983-8731', '2002-08-12', 'cdrakee@prlog.org',               '2026-01-11'),
(16, 'Constantin',  'Dorbon',      '614-698-5934', '1989-11-09', 'cdorbonf@dion.ne.jp',             '2026-01-27'),
(17, 'Ondrea',      'Moxon',       '664-946-7998', '1998-11-18', 'omoxong@a8.net',                  '2025-07-03'),
(18, 'Madalyn',     'Hammerton',   '105-172-1993', '1993-11-26', 'mhammertonh@cnet.com',            '2026-02-07'),
(19, 'Carmelia',    'Fritchly',    '161-402-8247', '2000-12-06', 'cfritchlyi@nasa.gov',             '2025-08-10'),
(20, 'Siusan',      'Klais',       '214-266-0571', '1986-09-18', 'sklaisj@amazon.co.jp',            '2025-06-17'),
(21, 'Catherin',    'Warriner',    '779-231-7962', '1995-07-17', 'cwarrinerk@noaa.gov',             '2025-12-07'),
(22, 'Nevins',      'Jorczyk',     '850-731-0344', '1991-07-13', 'njorczykl@edublogs.org',          '2026-02-21'),
(23, 'Arin',        'Treversh',    '412-356-1999', '1988-01-25', 'atrevershm@yolasite.com',         '2026-03-19'),
(24, 'Wang',        'Farebrother', '810-466-7207', '1997-02-15', 'wfarebrothern@rambler.ru',        '2025-09-29'),
(25, 'Korey',       'Quartermain', '598-851-3845', '2003-09-15', 'kquartermaino@msn.com',           '2026-04-01'),
(26, 'Alfred',      'Peacocke',    '468-945-8718', '1990-05-15', 'apeacockep@xinhuanet.com',        '2026-04-14'),
(27, 'Shelagh',     'Osbaldeston', '920-510-0150', '1984-06-23', 'sosbaldestonq@parallels.com',     '2025-05-24'),
(28, 'Lindsey',     'Belch',       '346-918-4534', '1996-11-15', 'lbelchr@princeton.edu',           '2026-01-26'),
(29, 'Lucius',      'Choppen',     '859-464-8624', '1992-12-18', 'lchoppens@vimeo.com',             '2025-08-28'),
(30, 'Vidovic',     'Rosle',       '914-158-8910', '1999-11-02', 'vroslet@sakura.ne.jp',            '2026-01-31');

-- ============================================================
-- TICKET_TYPES  (15 records)
-- ============================================================
INSERT INTO ticket_types (ticket_id, ticket_name, max_capacity, base_price, category) VALUES
(1,  'Zoo',         69,  92.00, 'Family'),
(2,  'Zoo',         24,  58.00, 'Night'),
(3,  'Night Tour',  40,  90.00, 'Education'),
(4,  'Zoo',         27,  57.00, 'Animal'),
(5,  'Zoo',         67,  58.00, 'Education'),
(6,  'Safari',      78,  41.00, 'Family'),
(7,  'Movie',       89,  86.00, 'Education'),
(8,  'Movie',       22,  90.00, 'Adventure'),
(9,  'Night Tour',  94,  63.00, 'Family'),
(10, 'Kids',        40,  19.00, 'Family'),
(11, 'Movie',       68,  49.00, 'Animal'),
(12, 'Night Tour',  25,  97.00, 'Animal'),
(13, 'Safari',      47,  44.00, 'Animal'),
(14, 'Safari',      41,  23.00, 'Night'),
(15, 'Night Tour',  43,  43.00, 'Night');

-- ============================================================
-- TRANSACTIONS  (40 records – references employees 1-20 & visitors 1-30)
-- ============================================================
INSERT INTO transactions (transaction_id, transaction_date, total_amount, payment_method, employee_id, visitor_id) VALUES
(1,  '2025-07-11', 235.00, 'Online', 7,  1),
(2,  '2025-08-23', 176.00, 'Cash',   14, 2),
(3,  '2025-05-23', 279.00, 'Online', 5,  3),
(4,  '2025-11-09', 331.00, 'Card',   1,  4),
(5,  '2025-08-14',  23.00, 'Card',   18, 5),
(6,  '2026-01-27',  50.00, 'Online', 15, 6),
(7,  '2025-05-28',  81.00, 'Cash',   16, 7),
(8,  '2025-09-22', 417.00, 'Online', 12, 8),
(9,  '2025-09-03', 264.00, 'Online', 13, 9),
(10, '2025-11-03', 233.00, 'Cash',   20, 10),
(11, '2025-06-13', 297.00, 'Online', 16, 11),
(12, '2026-01-18',  90.00, 'Online',  9, 12),
(13, '2025-04-30', 124.00, 'Cash',    8, 13),
(14, '2025-09-18', 249.00, 'Cash',   17, 14),
(15, '2026-02-09', 344.00, 'Card',    4, 15),
(16, '2025-09-06', 402.00, 'Card',   20, 16),
(17, '2025-10-23', 281.00, 'Card',   10, 17),
(18, '2025-08-14',  97.00, 'Online',  9, 18),
(19, '2026-03-15', 140.00, 'Online',  5, 19),
(20, '2025-12-28', 250.00, 'Online',  2, 20),
(21, '2025-05-13', 324.00, 'Card',    2, 21),
(22, '2025-11-03',  33.00, 'Online',  6, 22),
(23, '2025-05-24', 178.00, 'Card',   17, 23),
(24, '2026-03-08', 156.00, 'Card',   11, 24),
(25, '2026-02-12', 294.00, 'Cash',    2, 25),
(26, '2026-03-28', 328.00, 'Cash',    7, 26),
(27, '2026-01-14', 330.00, 'Card',    6, 27),
(28, '2025-08-07', 254.00, 'Cash',    8, 28),
(29, '2025-09-30', 427.00, 'Online',  9, 29),
(30, '2025-06-17',  41.00, 'Card',   10, 30),
(31, '2025-07-16', 499.00, 'Card',    2, 1),
(32, '2025-07-10', 307.00, 'Cash',    1, 5),
(33, '2025-10-09', 130.00, 'Card',   12, 10),
(34, '2025-12-25', 339.00, 'Card',    6, 15),
(35, '2026-03-24', 376.00, 'Cash',   15, 20),
(36, '2025-09-15', 405.00, 'Card',   19, 25),
(37, '2026-04-06', 114.00, 'Card',    5, 30),
(38, '2026-03-19', 246.00, 'Online', 19, 8),
(39, '2025-05-12', 240.00, 'Cash',    3, 12),
(40, '2025-07-17', 323.00, 'Online', 16, 18);

-- ============================================================
-- TRANSACTION_ITEMS  (50 records – references transactions 1-40 & ticket_types 1-15)
-- ============================================================
INSERT INTO transaction_items (item_id, quantity, price_at_sale, transaction_id, ticket_id) VALUES
(1, 2, 92.00,  1,  1),
(2, 1, 58.00,  1,  2),
(1, 3, 90.00,  2,  3),
(1, 1, 57.00,  3,  4),
(2, 2, 58.00,  3,  5),
(1, 4, 41.00,  4,  6),
(1, 1, 86.00,  5,  7),
(1, 1, 90.00,  6,  8),
(1, 2, 63.00,  7,  9),
(1, 3, 19.00,  8,  10),
(2, 4, 92.00,  8,  1),
(1, 1, 49.00,  9,  11),
(2, 2, 97.00,  9,  12),
(1, 3, 44.00, 10,  13),
(1, 2, 23.00, 11,  14),
(2, 1, 43.00, 11,  15),
(1, 5, 92.00, 12,  1),
(1, 2, 58.00, 13,  2),
(1, 1, 90.00, 14,  3),
(1, 4, 57.00, 15,  4),
(1, 2, 58.00, 16,  5),
(2, 3, 41.00, 16,  6),
(1, 1, 86.00, 17,  7),
(1, 2, 90.00, 18,  8),
(1, 3, 63.00, 19,  9),
(1, 1, 19.00, 20,  10),
(1, 2, 49.00, 21,  11),
(1, 1, 97.00, 22,  12),
(1, 4, 44.00, 23,  13),
(1, 2, 23.00, 24,  14),
(1, 1, 43.00, 25,  15),
(1, 3, 92.00, 26,  1),
(1, 2, 58.00, 27,  2),
(1, 1, 90.00, 28,  3),
(1, 5, 57.00, 29,  4),
(2, 2, 58.00, 29,  5),
(1, 3, 41.00, 30,  6),
(1, 1, 86.00, 31,  7),
(2, 2, 90.00, 31,  8),
(1, 4, 63.00, 32,  9),
(1, 1, 19.00, 33,  10),
(1, 2, 49.00, 34,  11),
(1, 3, 97.00, 35,  12),
(1, 1, 44.00, 36,  13),
(1, 2, 23.00, 37,  14),
(1, 4, 43.00, 38,  15),
(1, 1, 92.00, 39,  1),
(2, 2, 58.00, 39,  2),
(1, 3, 90.00, 40,  3),
(2, 1, 57.00, 40,  4);

-- ============================================================
-- MEMBERSHIPS  (15 records – references visitors 1-30)
-- ============================================================
INSERT INTO memberships (membership_id, start_date, expiry_date, visitor_id) VALUES
(1,  '2025-05-01', '2026-05-01',  1),
(2,  '2025-06-15', '2026-06-15',  3),
(3,  '2025-07-01', '2026-07-01',  5),
(4,  '2025-08-10', '2026-08-10',  7),
(5,  '2025-09-01', '2026-09-01',  9),
(6,  '2025-10-01', '2026-10-01', 11),
(7,  '2025-11-15', '2026-11-15', 13),
(8,  '2025-12-01', '2026-12-01', 15),
(9,  '2026-01-10', '2027-01-10', 17),
(10, '2026-02-01', '2027-02-01', 19),
(11, '2025-04-20', '2026-04-20', 21),
(12, '2025-05-15', '2026-05-15', 23),
(13, '2025-06-01', '2026-06-01', 25),
(14, '2025-07-20', '2026-07-20', 27),
(15, '2025-08-01', '2026-08-01', 29);